,Year,Month,Noise_dB,Person ID,Age,Sleep_Duration,Sleep_Quality,Stress_Level,Heart_Rate
Year,1.0,-0.021651728889749144,0.19357221224284807,0.00029444008984785456,0.0004418511543332583,0.00030165617643331194,-8.709138197422507e-05,0.0001824881880827787,-0.00020961886548082824
Month,-0.021651728889749144,1.0,0.025938544291364427,-5.493847990836806e-06,-8.244336149234402e-06,-5.628490264364239e-06,1.6250056642895736e-06,-3.4049791444645003e-06,3.911200352973664e-06
Noise_dB,0.19357221224284807,0.025938544291364427,1.0,0.006686694299870467,0.00963724220799489,-0.01578772405546278,-0.003505481094812339,0.0115279448983134,-0.0015473558978947963
Person ID,0.00029444008984785456,-5.493847990836806e-06,0.006686694299870467,1.0,0.9901022702822148,0.29386271972112304,0.4331113336963219,-0.3986906999001371,-0.22844995655275635
Age,0.0004418511543332583,-8.244336149234402e-06,0.00963724220799489,0.9901022702822148,1.0,0.34360070428436085,0.47543671770405327,-0.4245526187776138,-0.22568805020360402
Sleep_Duration,0.00030165617643331194,-5.628490264364239e-06,-0.01578772405546278,0.29386271972112304,0.34360070428436085,1.0,0.8854675258234179,-0.8055684188266802,-0.501439337151347
Sleep_Quality,-8.709138197422507e-05,1.6250056642895736e-06,-0.003505481094812339,0.4331113336963219,0.47543671770405327,0.8854675258234179,1.0,-0.8914996456411565,-0.6446957793739273
Stress_Level,0.0001824881880827787,-3.4049791444645003e-06,0.0115279448983134,-0.3986906999001371,-0.4245526187776138,-0.8055684188266802,-0.8914996456411565,1.0,0.6643237070939186
Heart_Rate,-0.00020961886548082824,3.911200352973664e-06,-0.0015473558978947963,-0.22844995655275635,-0.22568805020360402,-0.501439337151347,-0.6446957793739273,0.6643237070939186,1.0
