{
  "avg_noise": 63.125604970708935,
  "sleep_disorders": 42.51980272007174,
  "stress_avg": 5.408715331895723,
  "correlations": {
    "noise_sleep": -0.003505481094812339,
    "noise_stress": 0.0115279448983134,
    "noise_heart": -0.0015473558978947963
  }
}